{"predator": {"1": {"MAX FITNESS": [16.0, 10.92, 8.959999999999999, 9.32, 9.559999999999999, 12.52, 11.52, 10.120000000000001, 9.2, 15.2, 14.080000000000002, 11.879999999999999, 15.8, 14.680000000000001, 12.2, 13.36, 14.12, 15.319999999999999, 15.8, 15.280000000000001, 15.559999999999999, 15.080000000000002, 12.0, 14.6, 15.0, 11.84, 12.440000000000001, 11.559999999999999, 12.16, 11.76, 11.48, 12.88, 11.48, 13.280000000000001, 13.8], "AVG FITNESS": [7.451428571428572, 8.142857142857142, 5.925714285714285, 6.857142857142857, 5.577142857142858, 6.994285714285715, 6.954285714285715, 6.388571428571429, 6.571428571428571, 8.22857142857143, 10.097142857142858, 9.005714285714285, 10.440000000000001, 10.062857142857142, 8.314285714285715, 8.577142857142858, 9.788571428571426, 10.582857142857142, 10.285714285714286, 10.925714285714287, 11.211428571428574, 9.434285714285714, 7.86857142857143, 9.765714285714285, 10.645714285714284, 8.097142857142856, 9.17142857142857, 8.742857142857144, 7.817142857142858, 6.497142857142857, 8.388571428571428, 9.131428571428572, 8.720000000000002, 9.45142857142857, 6.851428571428572], "BEST INDIVIDUAL": {"fitness": [80.0, 54.6, 44.8, 46.6, 47.8, 62.6, 57.6, 50.6, 46.0, 76.0, 70.4, 59.4, 79.0, 73.4, 61.0, 66.8, 70.6, 76.6, 79.0, 76.4, 77.8, 75.4, 60.0, 73.0, 75.0, 59.2, 62.2, 57.8, 60.8, 58.8, 57.4, 64.4, 57.4, 66.4, 69.0], "genome": [[3.76, 4.47, 2.77, 4.34], [3.61, 4.65, 2.9, 4.61], [3.8, 3.59, 2.8, 3.81], [3.59, 4.05, 2.82, 3.68], [3.66, 3.77, 2.88, 3.85], [3.66, 3.77, 2.88, 3.85], [3.84, 3.77, 2.88, 3.85], [3.84, 3.77, 2.88, 3.85], [3.68, 3.92, 1.27, 3.88], [3.68, 3.92, 1.27, 3.88], [3.68, 3.92, 1.27, 3.88], [3.68, 3.03, 1.26, 4.81], [4.87, 3.18, 1.65, 4.75], [4.87, 3.18, 1.65, 4.75], [4.79, 3.1, 1.26, 4.79], [4.83, 3.14, 1.41, 4.79], [4.62, 1.35, 1.38, 4.59], [4.62, 1.35, 1.38, 4.59], [4.6, 2.05, 1.36, 4.77], [4.6, 1.97, 1.38, 4.33], [4.61, 1.97, 1.38, 3.67], [4.61, 1.97, 1.38, 4.27], [3.0, 2.09, 1.38, 4.25], [3.57, 2.74, 1.38, 4.08], [3.07, 2.24, 1.67, 4.15], [3.1, 4.65, 1.43, 4.11], [3.44, 2.64, 1.66, 4.21], [3.6, 2.62, 1.82, 3.86], [3.76, 2.72, 1.55, 3.39], [4.81, 2.58, 1.49, 3.58], [4.21, 2.4, 1.53, 2.98], [4.81, 2.58, 1.49, 3.58], [4.81, 2.58, 1.49, 3.58], [4.12, 2.57, 1.52, 4.21], [4.61, 2.58, 1.49, 3.66]], "separation": [3.76, 3.61, 3.8, 3.59, 3.66, 3.66, 3.84, 3.84, 3.68, 3.68, 3.68, 3.68, 4.87, 4.87, 4.79, 4.83, 4.62, 4.62, 4.6, 4.6, 4.61, 4.61, 3.0, 3.57, 3.07, 3.1, 3.44, 3.6, 3.76, 4.81, 4.21, 4.81, 4.81, 4.12, 4.61], "alignment": [4.47, 4.65, 3.59, 4.05, 3.77, 3.77, 3.77, 3.77, 3.92, 3.92, 3.92, 3.03, 3.18, 3.18, 3.1, 3.14, 1.35, 1.35, 2.05, 1.97, 1.97, 1.97, 2.09, 2.74, 2.24, 4.65, 2.64, 2.62, 2.72, 2.58, 2.4, 2.58, 2.58, 2.57, 2.58], "cohesion": [2.77, 2.9, 2.8, 2.82, 2.88, 2.88, 2.88, 2.88, 1.27, 1.27, 1.27, 1.26, 1.65, 1.65, 1.26, 1.41, 1.38, 1.38, 1.36, 1.38, 1.38, 1.38, 1.38, 1.38, 1.67, 1.43, 1.66, 1.82, 1.55, 1.49, 1.53, 1.49, 1.49, 1.52, 1.49], "acuity": [4.34, 4.61, 3.81, 3.68, 3.85, 3.85, 3.85, 3.85, 3.88, 3.88, 3.88, 4.81, 4.75, 4.75, 4.79, 4.79, 4.59, 4.59, 4.77, 4.33, 3.67, 4.27, 4.25, 4.08, 4.15, 4.11, 4.21, 3.86, 3.39, 3.58, 2.98, 3.58, 3.58, 4.21, 3.66]}}, "2": {"MAX FITNESS": [16.56, 10.92, 10.8, 12.2, 14.48, 10.32, 11.36, 8.76, 11.440000000000001, 10.92, 11.28, 11.16, 12.52, 12.16, 9.92, 11.879999999999999, 12.959999999999999, 10.24, 10.24, 10.440000000000001, 12.28, 14.040000000000001, 11.36, 12.040000000000001, 12.52, 11.2, 13.319999999999999, 12.08, 12.24, 12.52, 12.4, 13.16, 12.24, 14.64, 12.959999999999999], "AVG FITNESS": [7.262857142857142, 7.8, 7.2, 8.902857142857144, 8.274285714285714, 6.897142857142858, 8.531428571428572, 6.474285714285713, 8.177142857142858, 7.257142857142857, 7.908571428571429, 7.914285714285714, 7.491428571428573, 9.205714285714285, 6.720000000000001, 8.291428571428572, 10.239999999999998, 6.691428571428572, 7.074285714285715, 7.628571428571429, 8.685714285714287, 7.817142857142857, 8.817142857142859, 8.137142857142859, 7.502857142857144, 7.725714285714285, 9.782857142857143, 8.999999999999998, 9.062857142857142, 9.502857142857144, 8.37142857142857, 9.76, 8.268571428571429, 8.46857142857143, 9.297142857142857], "BEST INDIVIDUAL": {"fitness": [82.8, 54.6, 54.0, 61.0, 72.4, 51.6, 56.8, 43.8, 57.2, 54.6, 56.4, 55.8, 62.6, 60.8, 49.6, 59.4, 64.8, 51.2, 51.2, 52.2, 61.4, 70.2, 56.8, 60.2, 62.6, 56.0, 66.6, 60.4, 61.2, 62.6, 62.0, 65.8, 61.2, 73.2, 64.8], "genome": [[4.77, 4.26, 1.37, 3.93], [4.77, 2.33, 1.37, 3.93], [3.64, 4.16, 1.4, 4.03], [4.77, 2.31, 1.37, 3.93], [4.77, 2.31, 1.37, 3.93], [4.28, 3.34, 2.32, 3.98], [4.28, 3.34, 2.32, 3.98], [4.56, 3.31, 2.23, 3.95], [3.93, 3.38, 1.39, 3.94], [3.93, 3.38, 1.39, 3.94], [4.0, 3.34, 1.46, 3.94], [4.15, 3.38, 1.55, 4.19], [4.17, 3.38, 1.59, 4.16], [4.17, 3.38, 1.59, 4.16], [4.16, 3.38, 1.59, 4.16], [4.16, 3.38, 1.06, 4.15], [4.16, 3.38, 1.58, 4.16], [1.97, 3.19, 1.54, 4.15], [4.16, 3.94, 1.59, 4.48], [2.25, 3.13, 1.54, 4.11], [3.36, 3.35, 1.54, 4.42], [3.12, 3.19, 1.64, 4.18], [3.12, 3.19, 1.64, 4.18], [3.26, 3.26, 1.6, 4.09], [3.12, 3.22, 1.58, 4.15], [3.68, 3.56, 1.6, 4.12], [3.68, 3.56, 1.6, 4.12], [3.57, 3.5, 1.59, 4.39], [3.67, 3.99, 1.6, 4.25], [3.65, 4.9, 1.59, 4.32], [3.58, 1.6, 1.59, 4.24], [3.59, 3.24, 1.59, 4.27], [3.59, 1.39, 1.59, 4.27], [3.49, 3.37, 1.86, 4.25], [3.49, 3.37, 1.86, 4.25]], "separation": [4.77, 4.77, 3.64, 4.77, 4.77, 4.28, 4.28, 4.56, 3.93, 3.93, 4.0, 4.15, 4.17, 4.17, 4.16, 4.16, 4.16, 1.97, 4.16, 2.25, 3.36, 3.12, 3.12, 3.26, 3.12, 3.68, 3.68, 3.57, 3.67, 3.65, 3.58, 3.59, 3.59, 3.49, 3.49], "alignment": [4.26, 2.33, 4.16, 2.31, 2.31, 3.34, 3.34, 3.31, 3.38, 3.38, 3.34, 3.38, 3.38, 3.38, 3.38, 3.38, 3.38, 3.19, 3.94, 3.13, 3.35, 3.19, 3.19, 3.26, 3.22, 3.56, 3.56, 3.5, 3.99, 4.9, 1.6, 3.24, 1.39, 3.37, 3.37], "cohesion": [1.37, 1.37, 1.4, 1.37, 1.37, 2.32, 2.32, 2.23, 1.39, 1.39, 1.46, 1.55, 1.59, 1.59, 1.59, 1.06, 1.58, 1.54, 1.59, 1.54, 1.54, 1.64, 1.64, 1.6, 1.58, 1.6, 1.6, 1.59, 1.6, 1.59, 1.59, 1.59, 1.59, 1.86, 1.86], "acuity": [3.93, 3.93, 4.03, 3.93, 3.93, 3.98, 3.98, 3.95, 3.94, 3.94, 3.94, 4.19, 4.16, 4.16, 4.16, 4.15, 4.16, 4.15, 4.48, 4.11, 4.42, 4.18, 4.18, 4.09, 4.15, 4.12, 4.12, 4.39, 4.25, 4.32, 4.24, 4.27, 4.27, 4.25, 4.25]}}, "3": {"MAX FITNESS": [11.48, 12.68, 17.32, 15.919999999999998, 11.84, 12.64, 14.36, 11.559999999999999, 10.68, 12.48, 9.48, 11.64, 10.36, 11.040000000000001, 13.36, 12.48, 10.28, 9.879999999999999, 15.36, 9.84, 11.16, 10.24, 10.72, 12.52, 12.120000000000001, 12.64, 11.08, 11.48, 10.84, 10.8, 11.040000000000001, 10.0, 13.48, 11.72, 10.040000000000001], "AVG FITNESS": [7.794285714285715, 8.194285714285716, 10.262857142857142, 9.06857142857143, 8.394285714285715, 9.331428571428571, 8.354285714285712, 7.754285714285713, 7.691428571428572, 7.828571428571429, 6.045714285714285, 7.8742857142857146, 7.520000000000001, 8.022857142857143, 7.2857142857142865, 7.274285714285715, 6.6171428571428565, 6.011428571428572, 8.537142857142857, 6.302857142857143, 7.8742857142857146, 6.954285714285713, 6.982857142857142, 7.794285714285714, 7.839999999999999, 7.914285714285714, 6.857142857142857, 7.542857142857143, 7.2, 7.674285714285714, 7.057142857142857, 7.805714285714285, 8.46857142857143, 8.56, 7.234285714285714], "BEST INDIVIDUAL": {"fitness": [57.4, 63.4, 86.6, 79.6, 59.2, 63.2, 71.8, 57.8, 53.4, 62.4, 47.4, 58.2, 51.8, 55.2, 66.8, 62.4, 51.4, 49.4, 76.8, 49.2, 55.8, 51.2, 53.6, 62.6, 60.6, 63.2, 55.4, 57.4, 54.2, 54.0, 55.2, 50.0, 67.4, 58.6, 50.2],