{"predator": {"1": {"MAX FITNESS": [16.0, 10.92, 8.959999999999999, 9.32, 9.559999999999999, 12.52, 11.52, 10.120000000000001, 9.2, 15.2, 14.080000000000002, 11.879999999999999, 15.8, 14.680000000000001, 12.2, 13.36, 14.12, 15.319999999999999, 15.8, 15.280000000000001, 15.559999999999999, 15.080000000000002, 12.0, 14.6, 15.0, 11.84, 12.440000000000001, 11.559999999999999, 12.16, 11.76, 11.48, 12.88, 11.48, 13.280000000000001, 13.8], "AVG FITNESS": [7.451428571428572, 8.142857142857142, 5.925714285714285, 6.857142857142857, 5.577142857142858, 6.994285714285715, 6.954285714285715, 6.388571428571429, 6.571428571428571, 8.22857142857143, 10.097142857142858, 9.005714285714285, 10.440000000000001, 10.062857142857142, 8.314285714285715, 8.577142857142858, 9.788571428571426, 10.582857142857142, 10.285714285714286, 10.925714285714287, 11.211428571428574, 9.434285714285714, 7.86857142857143, 9.765714285714285, 10.645714285714284, 8.097142857142856, 9.17142857142857, 8.742857142857144, 7.817142857142858, 6.497142857142857, 8.388571428571428, 9.131428571428572, 8.720000000000002, 9.45142857142857, 6.851428571428572], "BEST INDIVIDUAL": {"fitness": [80.0, 54.6, 44.8, 46.6, 47.8, 62.6, 57.6, 50.6, 46.0, 76.0, 70.4, 59.4, 79.0, 73.4, 61.0, 66.8, 70.6, 76.6, 79.0, 76.4, 77.8, 75.4, 60.0, 73.0, 75.0, 59.2, 62.2, 57.8, 60.8, 58.8, 57.4, 64.4, 57.4, 66.4, 69.0], "genome": [[3.76, 4.47, 2.77, 4.34], [3.61, 4.65, 2.9, 4.61], [3.8, 3.59, 2.8, 3.81], [3.59, 4.05, 2.82, 3.68], [3.66, 3.77, 2.88, 3.85], [3.66, 3.77, 2.88, 3.85], [3.84, 3.77, 2.88, 3.85], [3.84, 3.77, 2.88, 3.85], [3.68, 3.92, 1.27, 3.88], [3.68, 3.92, 1.27, 3.88], [3.68, 3.92, 1.27, 3.88], [3.68, 3.03, 1.26, 4.81], [4.87, 3.18, 1.65, 4.75], [4.87, 3.18, 1.65, 4.75], [4.79, 3.1, 1.26, 4.79], [4.83, 3.14, 1.41, 4.79], [4.62, 1.35, 1.38, 4.59], [4.62, 1.35, 1.38, 4.59], [4.6, 2.05, 1.36, 4.77], [4.6, 1.97, 1.38, 4.33], [4.61, 1.97, 1.38, 3.67], [4.61, 1.97, 1.38, 4.27], [3.0, 2.09, 1.38, 4.25], [3.57, 2.74, 1.38, 4.08], [3.07, 2.24, 1.67, 4.15], [3.1, 4.65, 1.43, 4.11], [3.44, 2.64, 1.66, 4.21], [3.6, 2.62, 1.82, 3.86], [3.76, 2.72, 1.55, 3.39], [4.81, 2.58, 1.49, 3.58], [4.21, 2.4, 1.53, 2.98], [4.81, 2.58, 1.49, 3.58], [4.81, 2.58, 1.49, 3.58], [4.12, 2.57, 1.52, 4.21], [4.61, 2.58, 1.49, 3.66]], "separation": [3.76, 3.61, 3.8, 3.59, 3.66, 3.66, 3.84, 3.84, 3.68, 3.68, 3.68, 3.68, 4.87, 4.87, 4.79, 4.83, 4.62, 4.62, 4.6, 4.6, 4.61, 4.61, 3.0, 3.57, 3.07, 3.1, 3.44, 3.6, 3.76, 4.81, 4.21, 4.81, 4.81, 4.12, 4.61], "alignment": [4.47, 4.65, 3.59, 4.05, 3.77, 3.77, 3.77, 3.77, 3.92, 3.92, 3.92, 3.03, 3.18, 3.18, 3.1, 3.14, 1.35, 1.35, 2.05, 1.97, 1.97, 1.97, 2.09, 2.74, 2.24, 4.65, 2.64, 2.62, 2.72, 2.58, 2.4, 2.58, 2.58, 2.57, 2.58], "cohesion": [2.77, 2.9, 2.8, 2.82, 2.88, 2.88, 2.88, 2.88, 1.27, 1.27, 1.27, 1.26, 1.65, 1.65, 1.26, 1.41, 1.38, 1.38, 1.36, 1.38, 1.38, 1.38, 1.38, 1.38, 1.67, 1.43, 1.66, 1.82, 1.55, 1.49, 1.53, 1.49, 1.49, 1.52, 1.49], "acuity": [4.34, 4.61, 3.81, 3.68, 3.85, 3.85, 3.85, 3.85, 3.88, 3.88, 3.88, 4.81, 4.75, 4.75, 4.79, 4.79, 4.59, 4.59, 4.77, 4.33, 3.67, 4.27, 4.25, 4.08, 4.15, 4.11, 4.21, 3.86, 3.39, 3.58, 2.98, 3.58, 3.58, 4.21, 3.66]}}}}